DMA,location,target,fold,model,MAE,RMSE,MAPE_pct,R2
1,external,mean,1,selected,0.5269106794887903,0.603191731534182,48.876291363120274,-2.0259755928618053
1,external,mean,1,previous_day,0.21428533986364148,0.3055901087791095,22.20392667721938,0.22333587056778637
1,external,mean,1,weekly,0.2582916506922513,0.35624685530520855,26.82247613328963,-0.05549636066047858
1,external,mean,1,fixed_history_ridge,0.2066742278289754,0.28671645436489573,21.43840916690996,0.3163089476891775
1,external,mean,1,fixed_past_weather_ridge,0.2265037420322447,0.30167518671482,26.788405878354414,0.24310812747086052
1,external,mean,1,fixed_log_history_ridge,0.5269106794887903,0.603191731534182,48.876291363120274,-2.0259755928618053
1,external,median,1,selected,0.0063547524147867795,0.00836734631328336,3.3474439431919847,0.5460652612589164
1,external,median,1,previous_day,0.010294444444444448,0.013814746549329897,5.428039386705073,-0.2373819439830751
1,external,median,1,weekly,0.00813888888888889,0.010248170568447816,4.3019854169790674,0.31905721679563237
1,external,median,1,fixed_history_ridge,0.006209162696214758,0.008194491114274323,3.2609223498238347,0.5646265828350747
1,external,median,1,fixed_past_weather_ridge,0.006361877484380597,0.00849862999352417,3.358395630156953,0.5317090394458089
1,external,median,1,fixed_log_history_ridge,0.006212151453934033,0.008201806239846973,3.2617644069071012,0.5638489304598804
1,internal,mean,1,selected,0.009745129859940572,0.012426679259424648,4.500072819060638,0.23908163014299944
1,internal,mean,1,previous_day,0.011751005674254274,0.0164616004734176,5.4447609128323124,-0.33527895678198627
1,internal,mean,1,weekly,0.009745129859940572,0.012426679259424648,4.500072819060638,0.23908163014299944
1,internal,mean,1,fixed_history_ridge,0.00909031372454051,0.011990772434348339,4.178383433045372,0.29152878055229003
1,internal,mean,1,fixed_past_weather_ridge,0.008807241884412542,0.011790470826547177,4.067073843377337,0.31500060679070785
1,internal,mean,1,fixed_log_history_ridge,0.00908775451697268,0.011979629528273158,4.176624532240128,0.29284491930673306
1,internal,median,1,selected,0.00833903762707456,0.010848283999904021,4.885176926376621,0.11845121948436854
1,internal,median,1,previous_day,0.01136111111111111,0.015356956440359892,6.66881020826629,-0.7665850932122182
1,internal,median,1,weekly,0.008544444444444445,0.010530643116374444,4.9796190230720025,0.16931944157055656
1,internal,median,1,fixed_history_ridge,0.0082364125489058,0.010860486366946698,4.810539886466144,0.11646693669453478
1,internal,median,1,fixed_past_weather_ridge,0.008169488915625876,0.010782258606740515,4.800214665847233,0.12914922128310935
1,internal,median,1,fixed_log_history_ridge,0.008223038460359088,0.010859156951683543,4.80167050585985,0.11668322727504432
2,external,mean,1,selected,0.005843961581922978,0.0079470545564526,1.748090801398685,0.7188056362039914
2,external,mean,1,previous_day,0.011921120585351998,0.015169050224659416,3.595899232029811,-0.024497731692399993
2,external,mean,1,weekly,0.007759786649860116,0.010438100500896061,2.3612667490578434,0.5148934141285859
2,external,mean,1,fixed_history_ridge,0.005710999786774511,0.007467585406365302,1.7144937678518075,0.7517126351402302
2,external,mean,1,fixed_past_weather_ridge,0.005942942172843301,0.00786002246443532,1.7852775757806263,0.7249309058927157
2,external,mean,1,fixed_log_history_ridge,0.0057293404208253315,0.007490715084485795,1.7199037282988519,0.7501721906081118
2,external,mean,2,selected,0.008198361407217752,0.011272366265873584,2.506194457048931,0.5322794204866166
2,external,mean,2,previous_day,0.01428708601616289,0.018327230513216292,4.381439548505016,-0.2363743327831953
2,external,mean,2,weekly,0.00881910863458876,0.012425600031048655,2.7339113983765246,0.43168249148176663
2,external,mean,2,fixed_history_ridge,0.008198361407217752,0.011272366265873584,2.506194457048931,0.5322794204866166
2,external,mean,2,fixed_past_weather_ridge,0.0085175190406525,0.011478859049414224,2.6024782655434096,0.5149865947093634
2,external,mean,2,fixed_log_history_ridge,0.008222442922555582,0.01129172094525714,2.5130781482647833,0.5306718869313648
2,external,mean,3,selected,0.013880631063793638,0.01695386047145777,4.075541487770405,0.313543544852775
2,external,mean,3,previous_day,0.01847999027457006,0.02288477178208859,5.488317546106318,-0.25074551895365205
2,external,mean,3,weekly,0.018758181347384106,0.023215733358978415,5.563502876461906,-0.2871838976696457
2,external,mean,3,fixed_history_ridge,0.014045341324093637,0.017192024951443834,4.135708322818082,0.2941216698939052
2,external,mean,3,fixed_past_weather_ridge,0.01401569361155817,0.017157948031659893,4.122847265554263,0.2969171893281638
2,external,mean,3,fixed_log_history_ridge,0.014066062341208729,0.017234114584532275,4.141300112462871,0.2906611667464709
2,external,mean,4,selected,0.06988891734720681,0.13911605051820608,9.897016547031686,0.6517924522012695
2,external,mean,4,previous_day,0.0811953186837958,0.14952843265282403,11.986848782857425,0.597717385836037
2,external,mean,4,weekly,0.09505695841512,0.17861064331628002,14.712393931479323,0.42601787088015053
2,external,mean,4,fixed_history_ridge,0.07014088853384479,0.13710145741828295,9.94370504464041,0.6618044846000688
2,external,mean,4,fixed_past_weather_ridge,0.06967382782055387,0.1363119391305168,9.942717452690141,0.6656883635498755
2,external,mean,4,fixed_log_history_ridge,0.0756022260132097,0.13927158449223917,11.00477225485067,0.6510134137177941
2,external,mean,5,selected,0.13748205075058215,0.173541375712289,18.222667301206798,-0.10389715866613569
2,external,mean,5,previous_day,0.1777622619655541,0.2209558515206718,23.144102836371154,-0.7895076463996993
2,external,mean,5,weekly,0.17195958071104345,0.23141070391056023,24.18045115728956,-0.9628604772814673
2,external,mean,5,fixed_history_ridge,0.13821935037104302,0.17415234384706454,18.312065537944335,-0.11168358088782804
2,external,mean,5,fixed_past_weather_ridge,0.13748205075058215,0.173541375712289,18.222667301206798,-0.10389715866613569
2,external,mean,5,fixed_log_history_ridge,0.14340900029004744,0.17978067973162287,18.846821563061013,-0.18470052231026823
2,external,mean,6,selected,0.12750187094160026,0.17985012454229946,14.81112277600712,-0.011008182568570835
2,external,mean,6,previous_day,0.16759661623256414,0.23646043300276742,19.408395595391088,-0.7476326340309072
2,external,mean,6,weekly,0.149957591586614,0.2065347535254025,18.52744108930116,-0.3332741722752448
2,external,mean,6,fixed_history_ridge,0.12835162850385715,0.17885407857251953,15.062030834685682,0.00015913927861699317
2,external,mean,6,fixed_past_weather_ridge,0.12873104322565382,0.17941327796823467,15.097396613187925,-0.006102774991154414
2,external,mean,6,fixed_log_history_ridge,0.1310691426524654,0.182107193956342,15.47125165295892,-0.036543159069433395
2,external,median,1,selected,0.005279462078332421,0.006742077572183736,2.1566759089724554,0.7265513731820827
2,external,median,1,previous_day,0.010166666666666668,0.01338490028186821,4.144920684859973,-0.07775125369461433
2,external,median,1,weekly,0.006222222222222223,0.008115828156551043,2.565124015963871,0.6037639895868474
2,external,median,1,fixed_history_ridge,0.005092923161627904,0.006615077632787366,2.0825008133969503,0.7367562024402619
2,external,median,1,fixed_past_weather_ridge,0.005377720109262809,0.0069443198028716485,2.1974620943005307,0.7099000308778466
2,external,median,1,fixed_log_history_ridge,0.0051043915676659505,0.006629702302671718,2.0870578375675244,0.7355909525378593
2,external,median,2,selected,0.008075975520628482,0.011376305187221112,3.387850368169771,0.37774112667739623
2,external,median,2,previous_day,0.013388888888888893,0.017207556479639986,5.5435008354884365,-0.4236624727840843
2,external,median,2,weekly,0.008366666666666665,0.012399372743991707,3.5305884948708615,0.2607896117710471
2,external,median,2,fixed_history_ridge,0.008075975520628482,0.011376305187221112,3.387850368169771,0.37774112667739623
2,external,median,2,fixed_past_weather_ridge,0.008208602775635652,0.011376384859462147,3.434269052858873,0.3777324108541604
2,external,median,2,fixed_log_history_ridge,0.008081815562965933,0.01137853958178692,3.3894092943063456,0.3774966697360428
2,external,median,3,selected,0.011496395998950349,0.013632506774521193,4.6473882261023745,0.29902409742548863
2,external,median,3,previous_day,0.015444444444444446,0.019088681928770723,6.262145117143504,-0.37436955791871585
2,external,median,3,weekly,0.016194444444444445,0.01989716618572158,6.551730232400095,-0.49325541641191295
2,external,median,3,fixed_history_ridge,0.011566310869837825,0.013747548264366978,4.682659750947028,0.2871434404096178
2,external,median,3,fixed_past_weather_ridge,0.011467926258167458,0.01358346121113573,4.634030843545106,0.3040588155056161
2,external,median,3,fixed_log_history_ridge,0.011576041788755055,0.013754987613754798,4.685467107350093,0.2863717211485175
2,external,median,4,selected,0.007555817957389215,0.009419277209092167,3.1893468115522454,0.49910372547450244
2,external,median,4,previous_day,0.01028888888888889,0.013972592219532258,4.317650048607731,-0.102215754138955
2,external,median,4,weekly,0.009605555555555555,0.012258217198634102,4.083037809349555,0.15166522650750147
2,external,median,4,fixed_history_ridge,0.007570760391837318,0.009518367813798445,3.1906907715392494,0.48850945405236457
2,external,median,4,fixed_past_weather_ridge,0.007616587529852782,0.009462216842568566,3.2059346065092367,0.49452644701049964
2,external,median,4,fixed_log_history_ridge,0.007565944696246476,0.009518002202456357,3.1887657036926838,0.48854874716585983
2,external,median,5,selected,0.0062349786618450835,0.008291221998356984,2.53045855954124,0.6770339415322368
2,external,median,5,previous_day,0.012411111111111116,0.01663697354956391,5.0756614219801,-0.30037451184987596
2,external,median,5,weekly,0.006933333333333335,0.010183319694480776,2.833733565590111,0.5128097900889212
2,external,median,5,fixed_history_ridge,0.006363131762998812,0.0083777541383018,2.5867721695618835,0.6702574302612498
2,external,median,5,fixed_past_weather_ridge,0.0061399398306380935,0.008218701303642321,2.4866828380066277,0.6826589969788577
2,external,median,5,fixed_log_history_ridge,0.00636896867130489,0.008385878683945403,2.5888262761894003,0.6696175672303095
2,external,median,6,selected,0.00615039112707372,0.009292505553034125,2.5523683581605527,0.4850980658459483
2,external,median,6,previous_day,0.01116666666666667,0.015361387379472676,4.589617621203694,-0.4070831004451758
2,external,median,6,weekly,0.007022222222222223,0.009713964747265203,2.8916846890744057,0.4373323964435245
2,external,median,6,fixed_history_ridge,0.006410893298182548,0.00968764954258751,2.663251766069687,0.4403768088514983
2,external,median,6,fixed_past_weather_ridge,0.006345611740577175,0.009457902618367802,2.6341613034014717,0.46660549077885816
2,external,median,6,fixed_log_history_ridge,0.006411527344716,0.009683868632227043,2.663170439986179,0.4408135447628594
2,internal,mean,1,selected,0.06894238631117469,0.09239950560854425,20.965956439251528,0.5405061817813268
2,internal,mean,1,previous_day,0.11426148459383752,0.1583356218018486,32.99149266437432,-0.3492662022559829
2,internal,mean,1,weekly,0.06299491129785248,0.1036949388135505,17.503568386677834,0.4212973149986423
2,internal,mean,1,fixed_history_ridge,0.06943678618073917,0.09252934436512388,21.10912717317131,0.53921392328971
2,internal,mean,1,fixed_past_weather_ridge,0.06913866203389943,0.09260425955741808,21.10395703810157,0.5384674822105608
2,internal,mean,1,fixed_log_history_ridge,0.06947963606974762,0.09289935924957449,20.91712791789482,0.5355212869895631
2,internal,mean,2,selected,0.0706864494320935,0.11408518895272929,20.642883480892955,0.33279705782663105
2,internal,mean,2,previous_day,0.11139987255098945,0.16477115335058298,33.268258565952024,-0.3917517753620403
2,internal,mean,2,weekly,0.0706864494320935,0.11408518895272929,20.642883480892955,0.33279705782663105
2,internal,mean,2,fixed_history_ridge,0.0776492794231194,0.10249831792903821,23.778059540764215,0.461441484230109
2,internal,mean,2,fixed_past_weather_ridge,0.07690416270704355,0.10162097615462139,23.92314724729939,0.4706216872787743
2,internal,mean,2,fixed_log_history_ridge,0.07784924653814546,0.10322573287554257,23.6426478401182,0.45377022412593404
2,internal,mean,3,selected,0.048850820440693866,0.08582783290389771,13.54155017962602,0.6512273373388099
2,internal,mean,3,previous_day,0.10874561650257851,0.15687666504584902,29.626085105556545,-0.16520634149841618
2,internal,mean,3,weekly,0.048850820440693866,0.08582783290389771,13.54155017962602,0.6512273373388099
2,internal,mean,3,fixed_history_ridge,0.05182650984413338,0.07363438804611354,14.182302608330282,0.7432872100455734
2,internal,mean,3,fixed_past_weather_ridge,0.05119054483438736,0.07271668788746696,13.956985704282532,0.749646122841855
2,internal,mean,3,fixed_log_history_ridge,0.05153673975426755,0.07436469625336124,13.903367520410958,0.7381697866235765
2,internal,mean,4,selected,0.06389895567633713,0.10662774309740476,17.56519893405592,0.46534330123669654
2,internal,mean,4,previous_day,0.12489139431214097,0.1756955010413966,36.54586052639281,-0.45162975056490384
2,internal,mean,4,weekly,0.06389895567633713,0.10662774309740476,17.56519893405592,0.46534330123669654
2,internal,mean,4,fixed_history_ridge,0.06828067966489042,0.09596379231920327,19.75350299393034,0.5669386923001656
2,internal,mean,4,fixed_past_weather_ridge,0.06940616570764549,0.09630048782529693,19.973764677605214,0.5638945110638982
2,internal,mean,4,fixed_log_history_ridge,0.06889106964773638,0.09672284193263733,19.627120501873847,0.5600607847676053
2,internal,mean,5,selected,0.05382782168029433,0.09509593420990188,15.983128299154236,0.59961933996274
2,internal,mean,5,previous_day,0.10948724800750116,0.16035958878664505,30.9953308554388,-0.1385157960915362
2,internal,mean,5,weekly,0.05382782168029433,0.09509593420990188,15.983128299154236,0.59961933996274
2,internal,mean,5,fixed_history_ridge,0.06593265403373365,0.08705994381104237,21.40469346292073,0.6644278134376657
2,internal,mean,5,fixed_past_weather_ridge,0.06758918159722209,0.08805557848912608,22.005844737129078,0.6567085857484085
2,internal,mean,5,fixed_log_history_ridge,0.06538208854097605,0.08693916461302785,21.018679455824564,0.665358253404575
2,internal,mean,6,selected,0.038730140400227014,0.06553962165650681,8.782643880114096,0.864117559161125
2,internal,mean,6,previous_day,0.1353464085671281,0.1973378269785069,37.251814486707524,-0.2319020066268076
2,internal,mean,6,weekly,0.038730140400227014,0.06553962165650681,8.782643880114096,0.864117559161125
2,internal,mean,6,fixed_history_ridge,0.056707494227194684,0.07941168916534261,16.97207918677543,0.8005085222267028
2,internal,mean,6,fixed_past_weather_ridge,0.057041364128033616,0.07906194825467347,17.137297420513487,0.8022618331654882
2,internal,mean,6,fixed_log_history_ridge,0.0550714684723746,0.07782540431897715,16.45520268335215,0.8083987885483012
2,internal,median,1,selected,0.005792473265182642,0.007572671365608426,3.550395743968289,0.4426370700023077
2,internal,median,1,previous_day,0.008866666666666669,0.011177606581414866,5.473912052355468,-0.21433216860414905
2,internal,median,1,weekly,0.008605555555555557,0.013098664054017111,5.307947261829245,-0.6676076094573449
2,internal,median,1,fixed_history_ridge,0.005792851897357825,0.00756351846827124,3.550714381352682,0.44398359685207656
2,internal,median,1,fixed_past_weather_ridge,0.0057972459715253145,0.007621954606206778,3.5444631986900546,0.43535878376052173
2,internal,median,1,fixed_log_history_ridge,0.0057879725872927185,0.007567970736577439,3.546892969498616,0.443328805611208
2,internal,median,2,selected,0.009332242638992839,0.014519433110589241,6.778767210854096,0.13090796645141733
2,internal,median,2,previous_day,0.012394444444444444,0.018555696938915792,8.300129166362444,-0.41945291151623
2,internal,median,2,weekly,0.01168888888888889,0.01857611967613856,8.415665334972813,-0.4225791823192271
2,internal,median,2,fixed_history_ridge,0.009445484572914277,0.014648243223360077,6.822534700159818,0.11541914972621314
2,internal,median,2,fixed_past_weather_ridge,0.009495001315738001,0.014647841054320468,6.844535337426683,0.11546772157773078
2,internal,median,2,fixed_log_history_ridge,0.0094502533888756,0.014653843068231127,6.825648393432177,0.11474269149211624
2,internal,median,3,selected,0.008153108944140267,0.01030208409745231,5.0351856101642705,-0.1140543988426792
2,internal,median,3,previous_day,0.010033333333333333,0.012768450702153857,6.180619372828214,-0.7113255104222687
2,internal,median,3,weekly,0.011711111111111115,0.014463747785411636,7.247390164288886,-1.1959269890431732
2,internal,median,3,fixed_history_ridge,0.008209980637708537,0.010400362032397975,5.0723550816262195,-0.13541108677995894
2,internal,median,3,fixed_past_weather_ridge,0.008256402243087118,0.010387003934954417,5.090251218354985,-0.13249634366278662
2,internal,median,3,fixed_log_history_ridge,0.008213207013828968,0.010409718724314482,5.072545359178089,-0.13745495227421545
2,internal,median,4,selected,0.009501848800310738,0.01300416854742953,6.902556094788312,0.2806924762205978
2,internal,median,4,previous_day,0.011088888888888893,0.013587780458109334,7.464416545381683,0.214680347277032
2,internal,median,4,weekly,0.011911111111111112,0.017147238196799443,8.70937973053594,-0.2506557524256934
2,internal,median,4,fixed_history_ridge,0.009433782448493315,0.012836564972582882,6.822870964477164,0.2991145084772481
2,internal,median,4,fixed_past_weather_ridge,0.009481065880558606,0.012849781423891794,6.857196220755791,0.29767051038751935
2,internal,median,4,fixed_log_history_ridge,0.009430968200526182,0.012838197557558322,6.819757305283285,0.29893621656037517
2,internal,median,5,selected,0.00813681382061728,0.010252045030939756,5.32850429909991,-0.26175970095100953
2,internal,median,5,previous_day,0.009955555555555558,0.01322791660760597,6.533400127896812,-1.1005766759691666
2,internal,median,5,weekly,0.009844444444444449,0.015008145936272225,6.433761569058668,-1.704018946866075
2,internal,median,5,fixed_history_ridge,0.008141529039137457,0.010243783352259688,5.333074821850843,-0.25972692544868337
2,internal,median,5,fixed_past_weather_ridge,0.008258022127717648,0.010349718724256092,5.400506021784312,-0.2859164036774151
2,internal,median,5,fixed_log_history_ridge,0.008125814669304014,0.010235610142007906,5.321567798743936,-0.25771753004734954
2,internal,median,6,selected,0.008467434905246254,0.013812365638595798,6.77450706530082,0.12666395732500801
2,internal,median,6,previous_day,0.011100000000000006,0.016915804575734626,8.414125128693785,-0.3098771599858938
2,internal,median,6,weekly,0.010144444444444449,0.01615721373119622,8.02547579797114,-0.19502830248392722
2,internal,median,6,fixed_history_ridge,0.00848318913334256,0.013827163467100955,6.769538797240663,0.12479166403570197
2,internal,median,6,fixed_past_weather_ridge,0.008467279933202102,0.013780191936564162,6.762255919861364,0.13072781270105738
2,internal,median,6,fixed_log_history_ridge,0.008481214355051543,0.013815209517548607,6.7656613151205605,0.12630429153847222
