DMA,location,target,fold,train_days,start,end,coverage_threshold,low_coverage_days
1,external,mean,1,422,2014-11-14,2015-02-11,630.0,1
1,external,median,1,422,2014-11-14,2015-02-11,630.0,1
1,internal,mean,1,427,2014-11-19,2015-02-16,243.9,1
1,internal,median,1,427,2014-11-19,2015-02-16,243.9,1
2,external,mean,1,570,2013-10-29,2014-01-26,1202.4,0
2,external,mean,2,660,2014-01-27,2014-04-26,1201.5,0
2,external,mean,3,750,2014-04-27,2014-07-25,1201.5,0
2,external,mean,4,840,2014-07-26,2014-10-23,1199.7,0
2,external,mean,5,930,2014-10-24,2015-01-21,1197.9,0
2,external,mean,6,1020,2015-01-22,2015-04-21,1195.2,1
2,external,median,1,570,2013-10-29,2014-01-26,1202.4,0
2,external,median,2,660,2014-01-27,2014-04-26,1201.5,0
2,external,median,3,750,2014-04-27,2014-07-25,1201.5,0
2,external,median,4,840,2014-07-26,2014-10-23,1199.7,0
2,external,median,5,930,2014-10-24,2015-01-21,1197.9,0
2,external,median,6,1020,2015-01-22,2015-04-21,1195.2,1
2,internal,mean,1,571,2013-10-30,2014-01-27,216.0,0
2,internal,mean,2,661,2014-01-28,2014-04-27,216.0,0
2,internal,mean,3,751,2014-04-28,2014-07-26,216.0,0
2,internal,mean,4,841,2014-07-27,2014-10-24,216.0,0
2,internal,mean,5,931,2014-10-25,2015-01-22,216.0,0
2,internal,mean,6,1021,2015-01-23,2015-04-22,215.1,1
2,internal,median,1,571,2013-10-30,2014-01-27,216.0,0
2,internal,median,2,661,2014-01-28,2014-04-27,216.0,0
2,internal,median,3,751,2014-04-28,2014-07-26,216.0,0
2,internal,median,4,841,2014-07-27,2014-10-24,216.0,0
2,internal,median,5,931,2014-10-25,2015-01-22,216.0,0
2,internal,median,6,1021,2015-01-23,2015-04-22,215.1,1
