DMA,location,target,fold,model,scope,n,MAE,RMSE,MAPE_pct,R2
1,external,mean,1,previous_day,all_days,90,0.21428533986364148,0.3055901087791095,22.20392667721938,0.22333587056778637
1,external,mean,1,previous_day,coverage_sensitivity,89,0.20846929513760187,0.2973474720661727,19.406017089008056,0.23862463105867993
1,external,mean,1,weekly_baseline,all_days,90,0.2582916506922513,0.35624685530520855,26.82247613328963,-0.05549636066047858
1,external,mean,1,weekly_baseline,coverage_sensitivity,89,0.2521604262385528,0.34795865702925927,23.77644279284088,-0.042618948803716306
1,external,mean,1,ridge_without_weather,all_days,90,0.2066742278289754,0.28671645436489573,21.43840916690996,0.3163089476891775
1,external,mean,1,ridge_without_weather,coverage_sensitivity,89,0.20096474427598665,0.2781884438853361,18.703075179496345,0.33357927914589447
1,external,mean,1,ridge_with_weather,all_days,90,0.22585516514115211,0.3117717610782518,27.58694186412151,0.19159644681677934
1,external,mean,1,ridge_with_weather,coverage_sensitivity,89,0.21747997449279427,0.29613286187391374,23.85302611322095,0.2448320859914307
1,external,median,1,previous_day,all_days,90,0.010294444444444448,0.013814746549329897,5.428039386705073,-0.2373819439830751
1,external,median,1,previous_day,coverage_sensitivity,89,0.010342696629213487,0.013877574667487307,5.451986983221947,-0.23954218067705524
1,external,median,1,weekly_baseline,all_days,90,0.00813888888888889,0.010248170568447816,4.3019854169790674,0.31905721679563237
1,external,median,1,weekly_baseline,coverage_sensitivity,89,0.008213483146067417,0.010304357101774905,4.341061929257756,0.31659843891435835
1,external,median,1,ridge_without_weather,all_days,90,0.006209162696214758,0.008194491114274323,3.2609223498238347,0.5646265828350747
1,external,median,1,ridge_without_weather,coverage_sensitivity,89,0.006255639080072551,0.00823746938284477,3.284765504187387,0.5632611849189242
1,external,median,1,ridge_with_weather,all_days,90,0.006394861562410901,0.008490717080646283,3.3583727626115905,0.5325806671066573
1,external,median,1,ridge_with_weather,coverage_sensitivity,89,0.006429786243691729,0.008531174412279617,3.3758173452732523,0.5315623363220479
1,internal,mean,1,previous_day,all_days,90,0.011751005674254274,0.0164616004734176,5.4447609128323124,-0.33527895678198627
1,internal,mean,1,previous_day,coverage_sensitivity,89,0.011790209347786362,0.016530641440626093,5.458258866994094,-0.3611507844416615
1,internal,mean,1,weekly_baseline,all_days,90,0.009745129859940572,0.012426679259424648,4.500072819060638,0.23908163014299944
1,internal,mean,1,weekly_baseline,coverage_sensitivity,89,0.009794259635480246,0.012483313605667005,4.519630385626594,0.22377685527589375
1,internal,mean,1,ridge_without_weather,all_days,90,0.00909031372454051,0.011990772434348339,4.178383433045372,0.29152878055229003
1,internal,mean,1,ridge_without_weather,coverage_sensitivity,89,0.009139959097615271,0.01204777460947669,4.198370262537971,0.2769963425401829
1,internal,mean,1,ridge_with_weather,all_days,90,0.009112699242130259,0.012090549580277887,4.208216625260627,0.279689118864048
1,internal,mean,1,ridge_with_weather,coverage_sensitivity,89,0.00916895621464542,0.012150492288804594,4.231805303961756,0.2646153264645429
1,internal,median,1,previous_day,all_days,90,0.01136111111111111,0.015356956440359892,6.66881020826629,-0.7665850932122182
1,internal,median,1,previous_day,coverage_sensitivity,89,0.01148876404494382,0.015442990482940143,6.743740660044565,-0.7795548021342824
1,internal,median,1,weekly_baseline,all_days,90,0.008544444444444445,0.010530643116374444,4.9796190230720025,0.16931944157055656
1,internal,median,1,weekly_baseline,coverage_sensitivity,89,0.008573033707865168,0.010570522932011444,4.9934349671514635,0.16623913829875392
1,internal,median,1,ridge_without_weather,all_days,90,0.0082364125489058,0.010860486366946698,4.810539886466144,0.11646693669453478
1,internal,median,1,ridge_without_weather,coverage_sensitivity,89,0.008304186527822381,0.010918829641474406,4.849109657484513,0.1103877811062004
1,internal,median,1,ridge_with_weather,all_days,90,0.008379678629432877,0.011037993891452718,4.921191772759547,0.08734937527826814
1,internal,median,1,ridge_with_weather,coverage_sensitivity,89,0.008443794677924112,0.011096214063028687,4.957712534857177,0.0812481810141863
2,external,mean,1,previous_day,all_days,90,0.011921120585351998,0.015169050224659416,3.595899232029811,-0.024497731692399993
2,external,mean,1,previous_day,coverage_sensitivity,90,0.011921120585351998,0.015169050224659416,3.595899232029811,-0.024497731692399993
2,external,mean,1,weekly_baseline,all_days,90,0.007759786649860116,0.010438100500896061,2.3612667490578434,0.5148934141285859
2,external,mean,1,weekly_baseline,coverage_sensitivity,90,0.007759786649860116,0.010438100500896061,2.3612667490578434,0.5148934141285859
2,external,mean,1,ridge_without_weather,all_days,90,0.005710999786774511,0.007467585406365302,1.7144937678518075,0.7517126351402302
2,external,mean,1,ridge_without_weather,coverage_sensitivity,90,0.005710999786774511,0.007467585406365302,1.7144937678518075,0.7517126351402302
2,external,mean,1,ridge_with_weather,all_days,90,0.00564686261291749,0.007683394912709727,1.6995400588639673,0.7371545073262276
2,external,mean,1,ridge_with_weather,coverage_sensitivity,90,0.00564686261291749,0.007683394912709727,1.6995400588639673,0.7371545073262276
2,external,mean,2,previous_day,all_days,90,0.01428708601616289,0.018327230513216292,4.381439548505016,-0.2363743327831953
2,external,mean,2,previous_day,coverage_sensitivity,90,0.01428708601616289,0.018327230513216292,4.381439548505016,-0.2363743327831953
2,external,mean,2,weekly_baseline,all_days,90,0.00881910863458876,0.012425600031048655,2.7339113983765246,0.43168249148176663
2,external,mean,2,weekly_baseline,coverage_sensitivity,90,0.00881910863458876,0.012425600031048655,2.7339113983765246,0.43168249148176663
2,external,mean,2,ridge_without_weather,all_days,90,0.008198361407217752,0.011272366265873584,2.506194457048931,0.5322794204866166
2,external,mean,2,ridge_without_weather,coverage_sensitivity,90,0.008198361407217752,0.011272366265873584,2.506194457048931,0.5322794204866166
2,external,mean,2,ridge_with_weather,all_days,90,0.007601495509244836,0.010545120033287949,2.324592809158976,0.5906834064561475
2,external,mean,2,ridge_with_weather,coverage_sensitivity,90,0.007601495509244836,0.010545120033287949,2.324592809158976,0.5906834064561475
2,external,mean,3,previous_day,all_days,90,0.01847999027457006,0.02288477178208859,5.488317546106318,-0.25074551895365205
2,external,mean,3,previous_day,coverage_sensitivity,90,0.01847999027457006,0.02288477178208859,5.488317546106318,-0.25074551895365205
2,external,mean,3,weekly_baseline,all_days,90,0.018758181347384106,0.023215733358978415,5.563502876461906,-0.2871838976696457
2,external,mean,3,weekly_baseline,coverage_sensitivity,90,0.018758181347384106,0.023215733358978415,5.563502876461906,-0.2871838976696457
2,external,mean,3,ridge_without_weather,all_days,90,0.014045341324093637,0.017192024951443834,4.135708322818082,0.2941216698939052
2,external,mean,3,ridge_without_weather,coverage_sensitivity,90,0.014045341324093637,0.017192024951443834,4.135708322818082,0.2941216698939052
2,external,mean,3,ridge_with_weather,all_days,90,0.012636843303209912,0.015512495870783028,3.7135297398027074,0.4253027197629988
2,external,mean,3,ridge_with_weather,coverage_sensitivity,90,0.012636843303209912,0.015512495870783028,3.7135297398027074,0.4253027197629988
2,external,mean,4,previous_day,all_days,90,0.0811953186837958,0.14952843265282403,11.986848782857425,0.597717385836037
2,external,mean,4,previous_day,coverage_sensitivity,90,0.0811953186837958,0.14952843265282403,11.986848782857425,0.597717385836037
2,external,mean,4,weekly_baseline,all_days,90,0.09505695841512,0.17861064331628002,14.712393931479323,0.42601787088015053
2,external,mean,4,weekly_baseline,coverage_sensitivity,90,0.09505695841512,0.17861064331628002,14.712393931479323,0.42601787088015053
2,external,mean,4,ridge_without_weather,all_days,90,0.07014088853384479,0.13710145741828295,9.94370504464041,0.6618044846000688
2,external,mean,4,ridge_without_weather,coverage_sensitivity,90,0.07014088853384479,0.13710145741828295,9.94370504464041,0.6618044846000688
2,external,mean,4,ridge_with_weather,all_days,90,0.06910618509444387,0.13803610861174434,9.661541234665243,0.6571776587068869
2,external,mean,4,ridge_with_weather,coverage_sensitivity,90,0.06910618509444387,0.13803610861174434,9.661541234665243,0.6571776587068869
2,external,mean,5,previous_day,all_days,90,0.1777622619655541,0.2209558515206718,23.144102836371154,-0.7895076463996993
2,external,mean,5,previous_day,coverage_sensitivity,90,0.1777622619655541,0.2209558515206718,23.144102836371154,-0.7895076463996993
2,external,mean,5,weekly_baseline,all_days,90,0.17195958071104345,0.23141070391056023,24.18045115728956,-0.9628604772814673
2,external,mean,5,weekly_baseline,coverage_sensitivity,90,0.17195958071104345,0.23141070391056023,24.18045115728956,-0.9628604772814673
2,external,mean,5,ridge_without_weather,all_days,90,0.13821935037104302,0.17415234384706454,18.312065537944335,-0.11168358088782804
2,external,mean,5,ridge_without_weather,coverage_sensitivity,90,0.13821935037104302,0.17415234384706454,18.312065537944335,-0.11168358088782804
2,external,mean,5,ridge_with_weather,all_days,90,0.13842277409420256,0.17439613320313188,18.379019428370867,-0.1147981679369019
2,external,mean,5,ridge_with_weather,coverage_sensitivity,90,0.13842277409420256,0.17439613320313188,18.379019428370867,-0.1147981679369019
2,external,mean,6,previous_day,all_days,90,0.16759661623256414,0.23646043300276742,19.408395595391088,-0.7476326340309072
2,external,mean,6,previous_day,coverage_sensitivity,89,0.158588641621816,0.21444109379215207,18.941240873984974,-0.7796480507342023
2,external,mean,6,weekly_baseline,all_days,90,0.149957591586614,0.2065347535254025,18.52744108930116,-0.3332741722752448
2,external,mean,6,weekly_baseline,coverage_sensitivity,89,0.14497840939992931,0.19794792999654187,18.31633416175789,-0.5164218197890573
2,external,mean,6,ridge_without_weather,all_days,90,0.12835162850385715,0.17885407857251953,15.062030834685682,0.00015913927861699317
2,external,mean,6,ridge_without_weather,coverage_sensitivity,89,0.12088722443976949,0.15902240156649214,14.670899546060223,0.021333524768743617
2,external,mean,6,ridge_with_weather,all_days,90,0.1284824328069502,0.1784978307986945,15.091786200723966,0.004138208101203689
2,external,mean,6,ridge_with_weather,coverage_sensitivity,89,0.12104470971038962,0.15874287544477744,14.702575440919171,0.024771058225284692
2,external,median,1,previous_day,all_days,90,0.010166666666666668,0.01338490028186821,4.144920684859973,-0.07775125369461433
2,external,median,1,previous_day,coverage_sensitivity,90,0.010166666666666668,0.01338490028186821,4.144920684859973,-0.07775125369461433
2,external,median,1,weekly_baseline,all_days,90,0.006222222222222223,0.008115828156551043,2.565124015963871,0.6037639895868474
2,external,median,1,weekly_baseline,coverage_sensitivity,90,0.006222222222222223,0.008115828156551043,2.565124015963871,0.6037639895868474
2,external,median,1,ridge_without_weather,all_days,90,0.005092923161627904,0.006615077632787366,2.0825008133969503,0.7367562024402619
2,external,median,1,ridge_without_weather,coverage_sensitivity,90,0.005092923161627904,0.006615077632787366,2.0825008133969503,0.7367562024402619
2,external,median,1,ridge_with_weather,all_days,90,0.005346040189033224,0.0068259986715718275,2.1928058729249007,0.7197015762503236
2,external,median,1,ridge_with_weather,coverage_sensitivity,90,0.005346040189033224,0.0068259986715718275,2.1928058729249007,0.7197015762503236
2,external,median,2,previous_day,all_days,90,0.013388888888888893,0.017207556479639986,5.5435008354884365,-0.4236624727840843
2,external,median,2,previous_day,coverage_sensitivity,90,0.013388888888888893,0.017207556479639986,5.5435008354884365,-0.4236624727840843
2,external,median,2,weekly_baseline,all_days,90,0.008366666666666665,0.012399372743991707,3.5305884948708615,0.2607896117710471
2,external,median,2,weekly_baseline,coverage_sensitivity,90,0.008366666666666665,0.012399372743991707,3.5305884948708615,0.2607896117710471
2,external,median,2,ridge_without_weather,all_days,90,0.008075975520628482,0.011376305187221112,3.387850368169771,0.37774112667739623
2,external,median,2,ridge_without_weather,coverage_sensitivity,90,0.008075975520628482,0.011376305187221112,3.387850368169771,0.37774112667739623
2,external,median,2,ridge_with_weather,all_days,90,0.0076000578592309975,0.010942849456047217,3.1923185449146665,0.42425592270355017
2,external,median,2,ridge_with_weather,coverage_sensitivity,90,0.0076000578592309975,0.010942849456047217,3.1923185449146665,0.42425592270355017
2,external,median,3,previous_day,all_days,90,0.015444444444444446,0.019088681928770723,6.262145117143504,-0.37436955791871585
2,external,median,3,previous_day,coverage_sensitivity,90,0.015444444444444446,0.019088681928770723,6.262145117143504,-0.37436955791871585
2,external,median,3,weekly_baseline,all_days,90,0.016194444444444445,0.01989716618572158,6.551730232400095,-0.49325541641191295
2,external,median,3,weekly_baseline,coverage_sensitivity,90,0.016194444444444445,0.01989716618572158,6.551730232400095,-0.49325541641191295
2,external,median,3,ridge_without_weather,all_days,90,0.011566310869837825,0.013747548264366978,4.682659750947028,0.2871434404096178
2,external,median,3,ridge_without_weather,coverage_sensitivity,90,0.011566310869837825,0.013747548264366978,4.682659750947028,0.2871434404096178
2,external,median,3,ridge_with_weather,all_days,90,0.010351944965608229,0.01226632166903352,4.183685682517558,0.4324810824141969
2,external,median,3,ridge_with_weather,coverage_sensitivity,90,0.010351944965608229,0.01226632166903352,4.183685682517558,0.4324810824141969
2,external,median,4,previous_day,all_days,90,0.01028888888888889,0.013972592219532258,4.317650048607731,-0.102215754138955
2,external,median,4,previous_day,coverage_sensitivity,90,0.01028888888888889,0.013972592219532258,4.317650048607731,-0.102215754138955
2,external,median,4,weekly_baseline,all_days,90,0.009605555555555555,0.012258217198634102,4.083037809349555,0.15166522650750147
2,external,median,4,weekly_baseline,coverage_sensitivity,90,0.009605555555555555,0.012258217198634102,4.083037809349555,0.15166522650750147
2,external,median,4,ridge_without_weather,all_days,90,0.007570760391837318,0.009518367813798445,3.1906907715392494,0.48850945405236457
2,external,median,4,ridge_without_weather,coverage_sensitivity,90,0.007570760391837318,0.009518367813798445,3.1906907715392494,0.48850945405236457
2,external,median,4,ridge_with_weather,all_days,90,0.007141075698693792,0.008818735736466729,3.0002888546130193,0.5609385551842005
2,external,median,4,ridge_with_weather,coverage_sensitivity,90,0.007141075698693792,0.008818735736466729,3.0002888546130193,0.5609385551842005
2,external,median,5,previous_day,all_days,90,0.012411111111111116,0.01663697354956391,5.0756614219801,-0.30037451184987596
2,external,median,5,previous_day,coverage_sensitivity,90,0.012411111111111116,0.01663697354956391,5.0756614219801,-0.30037451184987596
2,external,median,5,weekly_baseline,all_days,90,0.006933333333333335,0.010183319694480776,2.833733565590111,0.5128097900889212
2,external,median,5,weekly_baseline,coverage_sensitivity,90,0.006933333333333335,0.010183319694480776,2.833733565590111,0.5128097900889212
2,external,median,5,ridge_without_weather,all_days,90,0.006363131762998812,0.0083777541383018,2.5867721695618835,0.6702574302612498
2,external,median,5,ridge_without_weather,coverage_sensitivity,90,0.006363131762998812,0.0083777541383018,2.5867721695618835,0.6702574302612498
2,external,median,5,ridge_with_weather,all_days,90,0.007021602707055871,0.009309251800835312,2.8542175074335536,0.5928547700003195
2,external,median,5,ridge_with_weather,coverage_sensitivity,90,0.007021602707055871,0.009309251800835312,2.8542175074335536,0.5928547700003195
2,external,median,6,previous_day,all_days,90,0.01116666666666667,0.015361387379472676,4.589617621203694,-0.4070831004451758
2,external,median,6,previous_day,coverage_sensitivity,89,0.010910112359550566,0.015021146143376489,4.492539482290973,-0.34361222551290793
2,external,median,6,weekly_baseline,all_days,90,0.007022222222222223,0.009713964747265203,2.8916846890744057,0.4373323964435245
2,external,median,6,weekly_baseline,coverage_sensitivity,89,0.0067865168539325855,0.00930657614542329,2.8017604537354526,0.48423998006293123
2,external,median,6,ridge_without_weather,all_days,90,0.006410893298182548,0.00968764954258751,2.663251766069687,0.4403768088514983
2,external,median,6,ridge_without_weather,coverage_sensitivity,89,0.006134524479483002,0.009170710119024079,2.557611224279615,0.49918914264628633
2,external,median,6,ridge_with_weather,all_days,90,0.006105252410605204,0.009098063690251778,2.5369711944277404,0.5064208450477066
2,external,median,6,ridge_with_weather,coverage_sensitivity,89,0.005911723636030723,0.008808494241095833,2.4634815018729608,0.5379689597650035
2,internal,mean,1,previous_day,all_days,90,0.11426148459383752,0.1583356218018486,32.99149266437432,-0.3492662022559829
2,internal,mean,1,previous_day,coverage_sensitivity,90,0.11426148459383752,0.1583356218018486,32.99149266437432,-0.3492662022559829
2,internal,mean,1,weekly_baseline,all_days,90,0.06299491129785248,0.1036949388135505,17.503568386677834,0.4212973149986423
2,internal,mean,1,weekly_baseline,coverage_sensitivity,90,0.06299491129785248,0.1036949388135505,17.503568386677834,0.4212973149986423
2,internal,mean,1,ridge_without_weather,all_days,90,0.06943678618073917,0.09252934436512388,21.10912717317131,0.53921392328971
2,internal,mean,1,ridge_without_weather,coverage_sensitivity,90,0.06943678618073917,0.09252934436512388,21.10912717317131,0.53921392328971
2,internal,mean,1,ridge_with_weather,all_days,90,0.06918580292628364,0.09281381477507296,21.195246108425966,0.5363763045873564
2,internal,mean,1,ridge_with_weather,coverage_sensitivity,90,0.06918580292628364,0.09281381477507296,21.195246108425966,0.5363763045873564
2,internal,mean,2,previous_day,all_days,90,0.11139987255098945,0.16477115335058298,33.268258565952024,-0.3917517753620403
2,internal,mean,2,previous_day,coverage_sensitivity,90,0.11139987255098945,0.16477115335058298,33.268258565952024,-0.3917517753620403
2,internal,mean,2,weekly_baseline,all_days,90,0.0706864494320935,0.11408518895272929,20.642883480892955,0.33279705782663105
2,internal,mean,2,weekly_baseline,coverage_sensitivity,90,0.0706864494320935,0.11408518895272929,20.642883480892955,0.33279705782663105
2,internal,mean,2,ridge_without_weather,all_days,90,0.0776492794231194,0.10249831792903821,23.778059540764215,0.461441484230109
2,internal,mean,2,ridge_without_weather,coverage_sensitivity,90,0.0776492794231194,0.10249831792903821,23.778059540764215,0.461441484230109
2,internal,mean,2,ridge_with_weather,all_days,90,0.07768280283251021,0.10248613273798561,24.238218477374314,0.46156952629875536
2,internal,mean,2,ridge_with_weather,coverage_sensitivity,90,0.07768280283251021,0.10248613273798561,24.238218477374314,0.46156952629875536
2,internal,mean,3,previous_day,all_days,90,0.10874561650257851,0.15687666504584902,29.626085105556545,-0.16520634149841618
2,internal,mean,3,previous_day,coverage_sensitivity,90,0.10874561650257851,0.15687666504584902,29.626085105556545,-0.16520634149841618
2,internal,mean,3,weekly_baseline,all_days,90,0.048850820440693866,0.08582783290389771,13.54155017962602,0.6512273373388099
2,internal,mean,3,weekly_baseline,coverage_sensitivity,90,0.048850820440693866,0.08582783290389771,13.54155017962602,0.6512273373388099
2,internal,mean,3,ridge_without_weather,all_days,90,0.05182650984413338,0.07363438804611354,14.182302608330282,0.7432872100455734
2,internal,mean,3,ridge_without_weather,coverage_sensitivity,90,0.05182650984413338,0.07363438804611354,14.182302608330282,0.7432872100455734
2,internal,mean,3,ridge_with_weather,all_days,90,0.051274999469709155,0.07265012801035937,13.933896454741651,0.7501042266817521
2,internal,mean,3,ridge_with_weather,coverage_sensitivity,90,0.051274999469709155,0.07265012801035937,13.933896454741651,0.7501042266817521
2,internal,mean,4,previous_day,all_days,90,0.12489139431214097,0.1756955010413966,36.54586052639281,-0.45162975056490384
2,internal,mean,4,previous_day,coverage_sensitivity,90,0.12489139431214097,0.1756955010413966,36.54586052639281,-0.45162975056490384
2,internal,mean,4,weekly_baseline,all_days,90,0.06389895567633713,0.10662774309740476,17.56519893405592,0.46534330123669654
2,internal,mean,4,weekly_baseline,coverage_sensitivity,90,0.06389895567633713,0.10662774309740476,17.56519893405592,0.46534330123669654
2,internal,mean,4,ridge_without_weather,all_days,90,0.06828067966489042,0.09596379231920327,19.75350299393034,0.5669386923001656
2,internal,mean,4,ridge_without_weather,coverage_sensitivity,90,0.06828067966489042,0.09596379231920327,19.75350299393034,0.5669386923001656
2,internal,mean,4,ridge_with_weather,all_days,90,0.06939661729319788,0.09619412126541332,19.877407051399334,0.5648573602407809
2,internal,mean,4,ridge_with_weather,coverage_sensitivity,90,0.06939661729319788,0.09619412126541332,19.877407051399334,0.5648573602407809
2,internal,mean,5,previous_day,all_days,90,0.10948724800750116,0.16035958878664505,30.9953308554388,-0.1385157960915362
2,internal,mean,5,previous_day,coverage_sensitivity,90,0.10948724800750116,0.16035958878664505,30.9953308554388,-0.1385157960915362
2,internal,mean,5,weekly_baseline,all_days,90,0.05382782168029433,0.09509593420990188,15.983128299154236,0.59961933996274
2,internal,mean,5,weekly_baseline,coverage_sensitivity,90,0.05382782168029433,0.09509593420990188,15.983128299154236,0.59961933996274
2,internal,mean,5,ridge_without_weather,all_days,90,0.06593265403373365,0.08705994381104237,21.40469346292073,0.6644278134376657
2,internal,mean,5,ridge_without_weather,coverage_sensitivity,90,0.06593265403373365,0.08705994381104237,21.40469346292073,0.6644278134376657
2,internal,mean,5,ridge_with_weather,all_days,90,0.06717407506934163,0.08741295243422399,21.891324708487257,0.661700955722712
2,internal,mean,5,ridge_with_weather,coverage_sensitivity,90,0.06717407506934163,0.08741295243422399,21.891324708487257,0.661700955722712
2,internal,mean,6,previous_day,all_days,90,0.1353464085671281,0.1973378269785069,37.251814486707524,-0.2319020066268076
2,internal,mean,6,previous_day,coverage_sensitivity,89,0.1317821552173707,0.19255772740337848,37.16751160307454,-0.3073417649230805
2,internal,mean,6,weekly_baseline,all_days,90,0.038730140400227014,0.06553962165650681,8.782643880114096,0.864117559161125
2,internal,mean,6,weekly_baseline,coverage_sensitivity,89,0.034456881429858255,0.04868919081720918,8.41570224252838,0.9164142302991892
2,internal,mean,6,ridge_without_weather,all_days,90,0.056707494227194684,0.07941168916534261,16.97207918677543,0.8005085222267028
2,internal,mean,6,ridge_without_weather,coverage_sensitivity,89,0.05235556885680867,0.06451180993437762,16.669398907827816,0.8532609559989048
2,internal,mean,6,ridge_with_weather,all_days,90,0.056618235786950036,0.07870034577606633,17.12534834109174,0.8040664711360211
2,internal,mean,6,ridge_with_weather,coverage_sensitivity,89,0.052375109504951486,0.064377600289591,16.835248657530244,0.8538708694276801
2,internal,median,1,previous_day,all_days,90,0.008866666666666669,0.011177606581414866,5.473912052355468,-0.21433216860414905
2,internal,median,1,previous_day,coverage_sensitivity,90,0.008866666666666669,0.011177606581414866,5.473912052355468,-0.21433216860414905
2,internal,median,1,weekly_baseline,all_days,90,0.008605555555555557,0.013098664054017111,5.307947261829245,-0.6676076094573449
2,internal,median,1,weekly_baseline,coverage_sensitivity,90,0.008605555555555557,0.013098664054017111,5.307947261829245,-0.6676076094573449
2,internal,median,1,ridge_without_weather,all_days,90,0.005792851897357825,0.00756351846827124,3.550714381352682,0.44398359685207656
2,internal,median,1,ridge_without_weather,coverage_sensitivity,90,0.005792851897357825,0.00756351846827124,3.550714381352682,0.44398359685207656
2,internal,median,1,ridge_with_weather,all_days,90,0.005979605430393597,0.007729834683517284,3.6613618816282147,0.41926196291324924
2,internal,median,1,ridge_with_weather,coverage_sensitivity,90,0.005979605430393597,0.007729834683517284,3.6613618816282147,0.41926196291324924
2,internal,median,2,previous_day,all_days,90,0.012394444444444444,0.018555696938915792,8.300129166362444,-0.41945291151623
2,internal,median,2,previous_day,coverage_sensitivity,90,0.012394444444444444,0.018555696938915792,8.300129166362444,-0.41945291151623
2,internal,median,2,weekly_baseline,all_days,90,0.01168888888888889,0.01857611967613856,8.415665334972813,-0.4225791823192271
2,internal,median,2,weekly_baseline,coverage_sensitivity,90,0.01168888888888889,0.01857611967613856,8.415665334972813,-0.4225791823192271
2,internal,median,2,ridge_without_weather,all_days,90,0.009445484572914277,0.014648243223360077,6.822534700159818,0.11541914972621314
2,internal,median,2,ridge_without_weather,coverage_sensitivity,90,0.009445484572914277,0.014648243223360077,6.822534700159818,0.11541914972621314
2,internal,median,2,ridge_with_weather,all_days,90,0.009249580181953796,0.014467268389022153,6.708373495176967,0.13714161251750323
2,internal,median,2,ridge_with_weather,coverage_sensitivity,90,0.009249580181953796,0.014467268389022153,6.708373495176967,0.13714161251750323
2,internal,median,3,previous_day,all_days,90,0.010033333333333333,0.012768450702153857,6.180619372828214,-0.7113255104222687
2,internal,median,3,previous_day,coverage_sensitivity,90,0.010033333333333333,0.012768450702153857,6.180619372828214,-0.7113255104222687
2,internal,median,3,weekly_baseline,all_days,90,0.011711111111111115,0.014463747785411636,7.247390164288886,-1.1959269890431732
2,internal,median,3,weekly_baseline,coverage_sensitivity,90,0.011711111111111115,0.014463747785411636,7.247390164288886,-1.1959269890431732
2,internal,median,3,ridge_without_weather,all_days,90,0.008209980637708537,0.010400362032397975,5.0723550816262195,-0.13541108677995894
2,internal,median,3,ridge_without_weather,coverage_sensitivity,90,0.008209980637708537,0.010400362032397975,5.0723550816262195,-0.13541108677995894
2,internal,median,3,ridge_with_weather,all_days,90,0.007609518572224653,0.00958777445658734,4.690004862930809,0.03507883065041417
2,internal,median,3,ridge_with_weather,coverage_sensitivity,90,0.007609518572224653,0.00958777445658734,4.690004862930809,0.03507883065041417
2,internal,median,4,previous_day,all_days,90,0.011088888888888893,0.013587780458109334,7.464416545381683,0.214680347277032
2,internal,median,4,previous_day,coverage_sensitivity,90,0.011088888888888893,0.013587780458109334,7.464416545381683,0.214680347277032
2,internal,median,4,weekly_baseline,all_days,90,0.011911111111111112,0.017147238196799443,8.70937973053594,-0.2506557524256934
2,internal,median,4,weekly_baseline,coverage_sensitivity,90,0.011911111111111112,0.017147238196799443,8.70937973053594,-0.2506557524256934
2,internal,median,4,ridge_without_weather,all_days,90,0.009433782448493315,0.012836564972582882,6.822870964477164,0.2991145084772481
2,internal,median,4,ridge_without_weather,coverage_sensitivity,90,0.009433782448493315,0.012836564972582882,6.822870964477164,0.2991145084772481
2,internal,median,4,ridge_with_weather,all_days,90,0.009438448379584383,0.012840086716209625,6.8090742180426735,0.2987298763555546
2,internal,median,4,ridge_with_weather,coverage_sensitivity,90,0.009438448379584383,0.012840086716209625,6.8090742180426735,0.2987298763555546
2,internal,median,5,previous_day,all_days,90,0.009955555555555558,0.01322791660760597,6.533400127896812,-1.1005766759691666
2,internal,median,5,previous_day,coverage_sensitivity,90,0.009955555555555558,0.01322791660760597,6.533400127896812,-1.1005766759691666
2,internal,median,5,weekly_baseline,all_days,90,0.009844444444444449,0.015008145936272225,6.433761569058668,-1.704018946866075
2,internal,median,5,weekly_baseline,coverage_sensitivity,90,0.009844444444444449,0.015008145936272225,6.433761569058668,-1.704018946866075
2,internal,median,5,ridge_without_weather,all_days,90,0.008141529039137457,0.010243783352259688,5.333074821850843,-0.25972692544868337
2,internal,median,5,ridge_without_weather,coverage_sensitivity,90,0.008141529039137457,0.010243783352259688,5.333074821850843,-0.25972692544868337
2,internal,median,5,ridge_with_weather,all_days,90,0.008303861461221624,0.010282098401241144,5.424929135945064,-0.26916811788988726
2,internal,median,5,ridge_with_weather,coverage_sensitivity,90,0.008303861461221624,0.010282098401241144,5.424929135945064,-0.26916811788988726
2,internal,median,6,previous_day,all_days,90,0.011100000000000006,0.016915804575734626,8.414125128693785,-0.3098771599858938
2,internal,median,6,previous_day,coverage_sensitivity,89,0.010617977528089894,0.0160185987407756,8.129452377330795,-0.16327650762871615
2,internal,median,6,weekly_baseline,all_days,90,0.010144444444444449,0.01615721373119622,8.02547579797114,-0.19502830248392722
2,internal,median,6,weekly_baseline,coverage_sensitivity,89,0.010202247191011241,0.01623908449293061,8.080537323791042,-0.19552041135201526
2,internal,median,6,ridge_without_weather,all_days,90,0.00848318913334256,0.013827163467100955,6.769538797240663,0.12479166403570197
2,internal,median,6,ridge_without_weather,coverage_sensitivity,89,0.008298144464123063,0.01365075210350237,6.670375155258269,0.15521329137479212
2,internal,median,6,ridge_with_weather,all_days,90,0.008549574845802895,0.01408449774096545,6.880279555085819,0.09191190931924142
2,internal,median,6,ridge_with_weather,coverage_sensitivity,89,0.008426361142570718,0.01401151952609473,6.820538353222551,0.10997053379489286
